{
  "train_accuracy": 0.6967785755870367,
  "test_accuracy": 0.556849049282111,
  "confusion_matrix": [
    [
      459,
      793
    ],
    [
      349,
      976
    ]
  ],
  "classification_report": {
    "0": {
      "precision": 0.568069306930693,
      "recall": 0.36661341853035145,
      "f1-score": 0.44563106796116503,
      "support": 1252.0
    },
    "1": {
      "precision": 0.5517241379310345,
      "recall": 0.7366037735849057,
      "f1-score": 0.6308985132514544,
      "support": 1325.0
    },
    "accuracy": 0.556849049282111,
    "macro avg": {
      "precision": 0.5598967224308637,
      "recall": 0.5516085960576286,
      "f1-score": 0.5382647906063097,
      "support": 2577.0
    },
    "weighted avg": {
      "precision": 0.5596652134403758,
      "recall": 0.556849049282111,
      "f1-score": 0.5408888735527961,
      "support": 2577.0
    }
  }
}